,mean,std,min,max
step_length,0.75,0.4257346591481601,0.05,1.45
value of the found local minimum,-0.5141379310344829,0.062020575006508386,-0.55,-0.33
number of steps,35991.0,47902.1592489763,13.0,100000.0
