,mean,std,min,max
step_length,0.75,0.4257346591481601,0.05,1.45
value of the found local minimum,0.0,0.0,0.0,0.0
number of steps,210.0344827586207,303.15890255284324,52.0,1549.0
