,mean,std,min,max
step_length,0.75,0.4257346591481601,0.05,1.45
value of the found local minimum,-0.5244827586206897,0.04281073020505089,-0.55,-0.41
number of steps,34817.06896551724,48151.785632912215,10.0,100000.0
