,mean,std,min,max
step_length,0.75,0.4257346591481601,0.05,1.45
value of the found local minimum,0.0,0.0,0.0,0.0
number of steps,4301.482758620689,6158.821777514927,1084.0,31505.0
