,mean,std,min,max
step_length,0.75,0.4257346591481601,0.05,1.45
value of the found local minimum,0.0,0.0,0.0,0.0
number of steps,4219.3448275862065,6039.789738983718,1064.0,30897.0
