,mean,std,min,max
step_length,0.75,0.4257346591481601,0.05,1.45
value of the found local minimum,0.0,0.0,0.0,0.0
number of steps,3870.5862068965516,5542.535137573016,975.0,28352.0
