,mean,std,min,max
step_length,0.75,0.4257346591481601,0.05,1.45
value of the found local minimum,-0.49137931034482774,0.10571944468839059,-0.55,-0.13
number of steps,36049.8275862069,47922.554783785534,3.0,100000.0
