,mean,std,min,max
step_length,0.1,0.0,0.1,0.1
value of the found local minimum,-24.71245,53.54957775638324,-100.27,75.4
number of steps,432.145,167.15904013391696,0.0,703.0
