,mean,std,min,max
step_length,0.09999999999999998,2.7895403077993544e-17,0.1,0.1
value of the found local minimum,-24.3428,5.613636729726403,-25.13,22.6
number of steps,100.0,58.02298395176403,1.0,199.0
