,mean,std,min,max
step_length,0.09999999999999998,2.7895403077993544e-17,0.1,0.1
value of the found local minimum,-25.086000000000002,0.410267220137305,-25.13,-21.03
number of steps,100.0,58.02298395176403,1.0,199.0
