,mean,std,min,max
step_length,0.75,0.4257346591481601,0.05,1.45
value of the found local minimum,-28.227241379310346,10.1223796949954,-76.69,-25.13
number of steps,124.62068965517241,193.82271240070017,1.0,973.0
