,mean,std,min,max
step_length,0.75,0.4257346591481601,0.05,1.45
value of the found local minimum,-38.11413793103449,38.7534307713746,-92.45,25.13
number of steps,90.79310344827586,209.1985351134086,1.0,991.0
