,mean,std,min,max
step_length,0.75,0.4257346591481601,0.05,1.45
value of the found local minimum,-42.24517241379311,41.87326172261531,-88.85,25.13
number of steps,91.24137931034483,213.69147572617294,3.0,1011.0
