,mean,std,min,max
step_length,0.75,0.4257346591481601,0.05,1.45
value of the found local minimum,-56.94034482758621,31.696910674471397,-97.08,-6.62
number of steps,71.20689655172414,208.84621466359005,1.0,1000.0
