,mean,std,min,max
step_length,0.75,0.4257346591481601,0.05,1.45
value of the found local minimum,-34.27793103448276,55.050407315173445,-92.6,55.76
number of steps,79.20689655172414,210.3779556808489,0.0,995.0
