,mean,std,min,max
step_length,0.75,0.4257346591481601,0.05,1.45
value of the found local minimum,-36.39379310344828,39.81511938355948,-99.63,-0.48
number of steps,64.44827586206897,208.6763704548431,0.0,994.0
